<?xml version="1.0" encoding="UTF-8"?>
<!DOCTYPE mapper PUBLIC "-//mybatis.org//DTD Mapper 3.0//EN"
 "http://mybatis.org/dtd/mybatis-3-mapper.dtd">
<!-- users_mapper.xml -->
<mapper namespace="com.yedam.myserver.users.mapper.UserMapper">


<!-- 사용자 전체조회 -->
<select id="find" resultType="map">
	select id        "id", 
	       password  "password", 
	       name      "name", 
	       role      "role"
	from users
</select>

<!-- 사용자 이름 검색 -->
<select id="findByName" resultType="userVO" parameterType="userVO">
	select id, password, name, role
	from users
	<where>
		<if test="name != null and name != '' ">
			and name like '%' || #{name} || '%'
		</if>
	</where>
</select>

<!-- 사용자 단건조회 -->
<select id="findById" parameterType="userVO" resultType="userVO">
	select id,
	password, name, role
	from users
	where id=#{id}
</select>


<!-- 등록 -->
<insert id="persist" parameterType="userVO">
	insert into users (id, password, name, role)
	values ( #{id},
	#{password},
	#{name},
	#{role} )
</insert>

<!-- 수정 -->
<update id="merge" parameterType="userVO">
	update users set
	password = #{password},
	name = #{name},
	role = #{role}
	where id = #{id}
</update>

<!-- 삭제 -->
<delete id="remove" parameterType="userVO">
	delete from users
	where id = #{id}
</delete>

</mapper>
